Category,Level1,Level2,Level3,Level4,Budget,,GovXFer,State,Local,Total
Innovation and Instructional Teams,Public Services,Health,Day to day Spending,Central Department and agencies,2780,b,,,,2780
Innovation and Instructional Teams,Public Services,Health,Day to day Spending,National Productivity Investment Fund,391,b,,,,391
English Learner Education,Public Services,Health,Day to day Spending,Health Education England,1852,b,,,,1852
Program Management,Public Services,Health,Day to day Spending,Local Authorities Health,3091,b,,,,3091
Grants to States for Medicaid,Public Services,Health,Day to day Spending,NHS Commissioning Board,24489,b,,,,24489
Children's Health Insurance Fund,Public Services,Health,Day to day Spending,Transport Development Fund,20535,b,,,,20535
State Grants and Demonstrations,Public Services,Health,Day to day Spending,NHS Providers,62887,b,,,,62887
Center for Medicare and Medicaid Innovation,Public Services,Health,Day to day Spending,Public Health England,767,b,,,,767
Child Enrollment Contingency Fund,Public Services,Health,Day to day Spending,Special Health Authorities,2454,b,,,,2454
Health Insurance Reform Implementation Fund,Public Services,Health,Investment,Central Department and agencies,2766,b,,,,2766
Office of the National Coordinator for Health Information Technology,Public Services,Health,Investment,Health Education England,32,b,,,,32
Public Health and Social Services Emergency Fund,Public Services,Health,Investment,Local Authorities Health,262,b,,,,262
General Departmental Management,Public Services,Health,Investment,NHS Commissioning Board,2900,b,,,,2900
Retirement Pay and Medical Benefits for Commissioned Officers,Public Services,Health,Investment,NHS Providers,91,b,,,,91
Miscellaneous Trust Funds,Public Services,Health,Investment,Public Health England,34,b,,,,34
Office of the Inspector General,Public Services,DCLG (Local government),Day to day Spending,Grants and payments,2883,b,,,,2883
Federal Intergovernmental  Public Welfare (B79),Public Services,DCLG (Local government),Day to day Spending,Non-domestic rates,25,b,,,,25
"Current Operations  Welfare, Payments to Medicare Trust Fund (NEW for 2007; previous (E73)",Public Services,DCLG (Local government),Day to day Spending,Revenue support grant,3821,b,,,,3821
"Current Operations  Public Welfare, Vendor Payments for Medical Care (E74)",Public Services,DCLG (Communities),Day to day Spending,DCLG Staff and building costs,173,b,,,,173
Operation of Indian Programs,Public Services,DCLG (Communities),Day to day Spending,Decentralisation and local Growth,218,b,,,,218
Operation of Indian Programs,Public Services,DCLG (Communities),Day to day Spending,Housing and Planning,2138,b,,,,2138
Education Improvement Programs,Public Services,DCLG (Communities),Day to day Spending,Local Government services,95,b,,,,95
Indian Student Education,Public Services,DCLG (Communities),Day to day Spending,"Research, data and trading funds",37,b,,,,37
Impact Aid,Public Services,DCLG (Communities),Day to day Spending,Troubled Families,239,b,,,,239
Supporting Student Success,Public Services,DCLG (Communities),Day to day Spending,Unallocated Provision,11,b,,,,11
Accelerating Achievement and Ensuring Equity,Public Services,DCLG (Communities),Investment,DCLG Staff and building costs,13,b,,,,13
Special Education,Public Services,DCLG (Communities),Investment,Decentralisation and local Growth,1424,b,,,,1424
"Career, Technical and Adult Education",Public Services,DCLG (Communities),Investment,Housing and Planning,4679,b,,,,4679
Federal Payment for School Improvement,Public Services,DCLG (Communities),Investment,Local Government services,373,b,,,,373
Current Operations  Elementary and Secondary Education (E12),Public Services,DCLG (Communities),Investment,"Research, data and trading funds",6,b,,,,6
Construction  Elementary and Secondary Education (F12),Public Services,DCLG (Communities),Investment,Unallocated Provision,17,b,,,,17
Other Capital Outlay  Elementary and Secondary Education (G12),Public Services,Education,Day to day Spending,Administration & central functions,327,b,,,,327
Payment Where American Opportunity Credit Exceeds Liability for TAX,Public Services,Education,Day to day Spending,Education & Skills Funding Agency,3039,b,,,,3039
"Federal Family Education Loan Program, Negative Subsidies",Public Services,Education,Day to day Spending,Further education,198,b,,,,198
"Federal Perkins Loan, Negative Subsidies",Public Services,Education,Day to day Spending,Grants to academies,16976,b,,,,16976
National Technical Institute for the Deaf,Public Services,Education,Day to day Spending,Grants to local authority schools,31506,b,,,,31506
Gallaudet University,Public Services,Education,Day to day Spending,Higher education,6119,b,,,,6119
Higher Education,Public Services,Education,Day to day Spending,School infrastructure & other ,249,b,,,,249
Special Benefits,Public Services,Education,Day to day Spending,"Social care, mobility and equalities",413,b,,4,3,413
Armed Forces Retirement Home,Public Services,Education,Day to day Spending,"Standards, curriculum & qualifications",5543,b,,,,5543
"Reemployed Annuitants Salary Offset, Civil Service Retirement and Disability Fund",Public Services,Education,Day to day Spending,Teaching and leadership,480,b,,,,480
Civil Service Retirement and Disability Fund,Public Services,Education,Investment,Administration & central functions,74,b,,,,74
Civil Service Retirement and Disability Fund,Public Services,Education,Investment,Education & Skills Funding Agency,1031,b,,,,1031
Employees Life Insurance Fund,Public Services,Education,Investment,Further education,94,b,,,,94
Judicial Officers' Retirement Fund,Public Services,Education,Investment,Grants to academies,673,b,,,,673
"Reimbursement for Program Expenses, Federal Retirement Thrift Investment Board",Public Services,Education,Investment,Grants to local authority schools,3064,b,,,,3064
Program Expenses,Public Services,Education,Investment,Higher education,245,b,,,,245
"Administrative Expenses, Recovery Act",Public Services,Education,Investment,School infrastructure & other ,1,b,,,,1
"FOASI, General Fund Payments for Payroll Tax Holiday (PL 111312)",Public Services,Education,Investment,"Social care, mobility and equalities",1,b,,,,1
,Public Services,DCMS,Day to day Spending,Museums Galleries and Libraries,541,b,,,,541
,Public Services,DCMS,Day to day Spending,Arts and Heritage,481,b,,,,481
,Public Services,DCMS,Investment,Broadcasting and Media,246,b,,,,246
,Public Services,DCMS,Day to day Spending,Sports,132,b,,,,132
,Public Services,DCMS,Day to day Spending,Broadcasting and Media,97,b,,,,97
,Public Services,DCMS,Investment,Arts and Heritage,86,b,,,,86
,Public Services,DCMS,Investment,Museums Galleries and Libraries,80,b,,,,80
,Public Services,DCMS,Investment,Sports,37,b,,,,37
,Public Services,DCMS,Day to day Spending,Olympics,4,b,,,,4
,Public Services,DCMS,Investment,Other,0,b,,,,0
,Public Services,DCMS,Day to day Spending,Other,323,b,,,,323
,Central Government,Cabinet Office,Day to day Spending,Central Facilitation,203,b,,,,203
,Central Government,Cabinet Office,Day to day Spending,Efficiency and Responsiveness,151,b,,,,151
,Central Government,Cabinet Office,Investment,Efficiency and responsiveness,72,b,,,,72
,Central Government,Cabinet Office,Investment,Central Facilitation,25,b,,,,25
,Central Government,Cabinet Office,Day to day Spending,Elections,115,b,,,,115
,Central Government,Cabinet Office,Day to day Spending,European Parliament,20,b,,,,20
,Central Government,Treasury,Day to day Spending,Treasury administration,12,b,,,,12
,Central Government,Treasury,Day to day Spending,Debt Management Office,7,b,,,,7
,Central Government,Treasury,Day to day Spending,UK Government Investments,6,b,,,,6
,Central Government,Treasury,Day to day Spending,Banking services,5,b,,,,5
,Central Government,Treasury,Day to day Spending,National Infrastructure Commission,3,b,,,,3
,Central Government,Treasury,Day to day Spending,Other,5,b,,,,5
,Central Government,Treasury,Day to day Spending,Unallocated provision,3,b,,,,3
,Central Government,Treasury,Investment,Core Treasury,104,b,,,,104
,Central Government,Treasury,Investment,Asian Infrastructure Bank,80,b,,,,80
,Central Government,Treasury,Investment,Debt Management Office,5,b,,,,5
,Intl relations & Defence,International Trade,Day to day Spending,Trade Policy,364,b,,,,364
,Intl relations & Defence,International Trade,Investment,Trade Policy,7,b,,,,7
,Intl relations & Defence,Exiting the EU,Day to day Spending,Exiting the European Union,101,b,,,,101
,Intl relations & Defence,Exiting the EU,Investment,Exiting the European Union,0,b,,,,0
,Intl relations & Defence,Defence,Day to day Spending,Equipment and Infrastructure,20832,b,,,,20832
,Intl relations & Defence,Defence,Day to day Spending,Service Personnel,9483,b,,,,9483
,Intl relations & Defence,Defence,Investment,Single Use Military Equipment,4051,b,,,,4051
,Intl relations & Defence,Defence,Investment,Research and development,1921,b,,,,1921
,Intl relations & Defence,Defence,Day to day Spending,Civilian Personnel,1779,b,,,,1779
,Intl relations & Defence,Defence,Day to day Spending,Administration Costs,1541,b,,,,1541
,Intl relations & Defence,Defence,Day to day Spending,Operations Costs,235,b,,,,235
,Intl relations & Defence,Defence,Investment,Other,2558,b,,,,2558
,Intl relations & Defence,Defence,Day to day Spending,Other,2166,b,,,,2166
,Intl relations & Defence,FCO,Day to day Spending,FCO running costs,799,b,,,,799
,Intl relations & Defence,FCO,Day to day Spending,Programme and grants,363,b,,,,363
,Intl relations & Defence,FCO,Day to day Spending,Conflict prevention,436,b,,,,436
,Intl relations & Defence,FCO,Day to day Spending,Peacekeeping,372,b,,,,372
,Intl relations & Defence,FCO,Day to day Spending,British Council,162,b,,,,162
,Intl relations & Defence,FCO,Day to day Spending,Other,6,b,,,,6
,Intl relations & Defence,FCO,Investment,FCO running costs,122,b,,,,122
,Intl relations & Defence,FCO,Investment,Programme and grants,12,b,,,,12
,Intl relations & Defence,International Development,Day to day Spending,Regional programmes,3476,b,,,,3476
,Intl relations & Defence,International Development,Day to day Spending,Policy priorities,3019,b,,,,3019
,Intl relations & Defence,International Development,Day to day Spending,Operating costs,292,b,,,,292
,Intl relations & Defence,International Development,Day to day Spending,Other central programmes,190,b,,,,190
,Intl relations & Defence,International Development,Day to day Spending,"Conflict, Stability and Security Fund",97,b,,,,97
,Intl relations & Defence,International Development,Day to day Spending,Scholarships,25,b,,,,25
,Intl relations & Defence,International Development,Day to day Spending,Independent Commission for Aid,4,b,,,,4
,Intl relations & Defence,International Development,Day to day Spending,European Union  Attributed aid,501,b,,,,501
,Intl relations & Defence,International Development,Investment,Regional programmes,659,b,,,,659
,Intl relations & Defence,International Development,Investment,Policy priorities,2219,b,,,,2219
,Intl relations & Defence,International Development,Investment,Other central programmes,11,b,,,,11
,"Criminal Justice, Borders & Fire ",Justice,Day to day Spending,Prison and Probation,3891,b,,,,3891
,"Criminal Justice, Borders & Fire ",Justice,Day to day Spending,Courts and Tribunals,1693,b,,,,1693
,"Criminal Justice, Borders & Fire ",Justice,Day to day Spending,Legal Aid and Services,1628,b,,,,1628
,"Criminal Justice, Borders & Fire ",Justice,Investment,Policy and administration,360,b,,,,360
,"Criminal Justice, Borders & Fire ",Justice,Day to day Spending,Youth Justice Board,223,b,,,,223
,"Criminal Justice, Borders & Fire ",Justice,Investment,Prison and Probation,200,b,,,,200
,"Criminal Justice, Borders & Fire ",Justice,Investment,Courts and Tribunals,162,b,,,,162
,"Criminal Justice, Borders & Fire ",Justice,Investment,Legal Aid and Services,12,b,,,,12
,"Criminal Justice, Borders & Fire ",Justice,Investment,Youth Justice Board,3,b,,,,3
,"Criminal Justice, Borders & Fire ",Justice,Day to day Spending,Other,422,b,,,,422
,"Criminal Justice, Borders & Fire ",Justice,Investment,Other,7,b,,,,7
,"Criminal Justice, Borders & Fire ",Home Office,Day to day Spending,Crime Policing and Fire,8515,b,,,,8515
,"Criminal Justice, Borders & Fire ",Home Office,Day to day Spending,Border Force and immigration,963,b,,,,963
,"Criminal Justice, Borders & Fire ",Home Office,Day to day Spending,Office for Security and Counter-Terrorism,825,b,,,,825
"FOASI, Federal Payments to the FOASI Trust Fund","Criminal Justice, Borders & Fire ",Home Office,Day to day Spending,Enablers,696,b,,,,696
Federal Oldage and Survivors Insurance Trust Fund,"Criminal Justice, Borders & Fire ",Home Office,Investment,Crime Policing and Fire,152,b,,,,152
"FDI, General Fund Payments for Payroll Tax Holiday (PL 111312)","Criminal Justice, Borders & Fire ",Home Office,Investment,Office for Security and Counter-Terrorism,122,b,,,,122
"FDI, Federal Payments to the FDI Trust Fund","Criminal Justice, Borders & Fire ",Home Office,Day to day Spending,Arms length bodies (net),94,b,,,,94
Limitation on Administrative Expenses,"Criminal Justice, Borders & Fire ",Home Office,Investment,UK Border Agency/Border Force,90,b,,,,90
"Postal Service Contributions for Current Workers, Postal Service Retiree Health Benefits Fund","Criminal Justice, Borders & Fire ",Home Office,Investment,Enablers,51,b,,,,51
"NonDoD Employing Agency Contributions, DoD MedicareEligible Retiree Health Care Fund","Criminal Justice, Borders & Fire ",Home Office,Investment,Arms length bodies (net),11,b,,,,11
,"Criminal Justice, Borders & Fire ",Home Office,Investment,Other,91,b,,,,91
"FHI Trust Fund, Federal Employer Contributions (FICA)",Infrastructure and Investment,BEIS,Investment,Science and research,5990,b,,,,5990
"Federal Contributions (concurrent Receipt Accruals), Military Retirement Fund",Infrastructure and Investment,BEIS,Investment,Industrial strategy and investment,2453,b,,,,2453
"Federal Contributions, FSMI Fund",Infrastructure and Investment,BEIS,Investment,Nuclear decommissioning,1998,b,,,,1998
"Premiums Collected for Medicare Prescription Drug Account, FSMI",Infrastructure and Investment,BEIS,Day to day Spending,Administration & central functions,488,b,,,,488
"Payments from States, Medicare Prescription Drug Account, FSMI",Infrastructure and Investment,BEIS,Day to day Spending,Nuclear decommissioning,362,b,,,,362
"Basic Premium, Medicare Advantage, FSMI Trust Fund",Infrastructure and Investment,BEIS,Day to day Spending,Industrial strategy and investment,357,b,,,,357
"Federal Contribution for Admin. Contribution for Admin. Costs, Prescription Drug Account, FSMI",Infrastructure and Investment,BEIS,Investment,Administration & central functions,279,b,,,,279
"Federal Contributions for Benefits, Prescription Drug Account, SMI",Infrastructure and Investment,BEIS,Day to day Spending,Science and research,227,b,,,,227
"Premiums Collected for the Aged, FSMI Fund",Infrastructure and Investment,BEIS,Day to day Spending,Competition and markets,138,b,,,,138
Manufacturer Rebates,Infrastructure and Investment,BEIS,Investment,Tackling climate change,102,b,,,,102
"Premiums Collected for the Disabled, FSMI Fund",Infrastructure and Investment,BEIS,Investment,Energy affordability,57,b,,,,57
"FHI Trust Fund, Taxation on OASDI Benefits",Infrastructure and Investment,BEIS,Day to day Spending,Energy affordability,55,b,,,,55
"FHI Trust Fund, Basic Premium, Medicare Advantage",Infrastructure and Investment,BEIS,Day to day Spending,Tackling climate change,35,b,,,,35
Federal Hospital Insurance Trust Fund,Infrastructure and Investment,BEIS,Day to day Spending,Security of energy supply,17,b,,,,17
"Medicare Prescription Drug Account, Federal Supplementary Insurance Trust Fund",Infrastructure and Investment,BEIS,Investment,Competition and markets,1,b,,,,1
,Infrastructure and Investment,BEIS,Day to day Spending,Other energy legacy,305,b,,,,305
,Infrastructure and Investment,BEIS,Investment,Other energy legacy,17,b,,,,17
"Medicare Prescription Drug Account, Federal Supplementary Insurance Trust Fund",Infrastructure and Investment,DEFRA,Day to day Spending,Departmental and other costs,642,b,,,,642
Health Care Fraud and Abuse Control Account,Infrastructure and Investment,DEFRA,Day to day Spending,Environment and biodiversity,482,b,,,,482
Federal Intergovernmental  Health and Hospitals (B42),Infrastructure and Investment,DEFRA,Investment,Environmental emergencies,443,b,,,,443
Current Operations  Health  Other (E32),Infrastructure and Investment,DEFRA,Day to day Spending,Environmental emergencies,339,b,,,,339
Current Operations  Hospitals (E36),Infrastructure and Investment,DEFRA,Day to day Spending,Animal and plant diseases,207,b,,,,207
Current Operations  Hospitals  Other (Disc. 2005) (E38),Infrastructure and Investment,DEFRA,Day to day Spending,Support and develop farming,212,b,,,,212
Construction  Hospitals (F36),Infrastructure and Investment,DEFRA,Investment,Environment and biodiversity,86,b,,,,86
Construction  Hospitals  Other (Disc. 2005) (F38),Infrastructure and Investment,DEFRA,Investment,Animal and plant diseases,14,b,,,,14
Other Capital Outlay  Hospitals (G36),Infrastructure and Investment,DEFRA,Investment,Support and develop farming,7,b,,,,7
,Infrastructure and Investment,DEFRA,Investment,Other,134,b,,,,134
Other Capital Outlay  Hospitals  Other (Disc. 2005) (G38),Infrastructure and Investment,Transport,Investment,Research and support,5036,b,,,,5036
Salaries and Expenses,Infrastructure and Investment,Transport,Day to day Spending,Roads,2903,b,,,,2903
Salaries and Expenses,Infrastructure and Investment,Transport,Investment,Funding Arms Length Bodies,679,b,,,,679
Salaries and Expenses,Infrastructure and Investment,Transport,Day to day Spending,Funding ALBs,529,b,,,,529
Salaries and Expenses,Infrastructure and Investment,Transport,Investment,National Productivity Investment Fund,375,b,,,,375
Salaries and Expenses,Infrastructure and Investment,Transport,Day to day Spending,London,257,b,,,,257
Salaries and Expenses,Infrastructure and Investment,Transport,Day to day Spending,Buses,254,b,,,,254
Salaries and Expenses,Infrastructure and Investment,Transport,Day to day Spending,Research and support,220,b,,,,220
Intergovernmental Revenue from Federal  Environmental Health (NEW for 2007) (B43),Infrastructure and Investment,Transport,Investment,London,165,b,,,,165
Current Operations  Environmental Health (NEW for 2007) (E27),Infrastructure and Investment,Transport,Investment,Roads,105,b,,,,105
Construction  Environmental Health (NEW for 2007) (F27),Infrastructure and Investment,Transport,Day to day Spending,Sustainable Travel,89,b,,,,89
Other Capital Outlay  Environmental Health (NEW for 2007) (G27),Infrastructure and Investment,Transport,Day to day Spending,"Aviation, maritime and security",72,b,,,,72
Payment to the PatientCentered Outcomes Research Trust Fund,Infrastructure and Investment,Transport,Day to day Spending,Transport Development Fund,47,b,,,,47
"Payment from the General Fund, PatientCentered Outcomes Research Trust Fund",Infrastructure and Investment,Transport,Day to day Spending,Unallocated Provision,41,b,,,,41
PatientCentered Outcomes Research Trust Fund,Infrastructure and Investment,Transport,Investment,Railways,30,b,,,,30
Health Resources and Services,Infrastructure and Investment,Transport,Investment,Buses,12,b,,,,12
Health Resources and Services,Infrastructure and Investment,Transport,Investment,Unallocated Provision,8,b,,,,8
,Benefits and Pensions,Work and Pensions,Day to day Spending,Delivery and operations,4645,b,,,,4645
CDCWide Activities and Program Support,Benefits and Pensions,Work and Pensions,Day to day Spending,Pensions and pension credit,100094,b,,,,100094
CDCWide Activities and Program Support,Benefits and Pensions,Work and Pensions,Day to day Spending,Disability & incapacity benefits,41576,b,,,,41576
CDCWide Activities and Program Support,Benefits and Pensions,Work and Pensions,Day to day Spending,Working age and other benefits,35230,b,,,,35230
National Institutes of Health,Benefits and Pensions,Work and Pensions,Day to day Spending,Employment programmes,636,b,,,,636
National Institutes of Health,Benefits and Pensions,Work and Pensions,Day to day Spending,Support for local authorities,283,b,,,,283
Healthcare Research and Quality,Benefits and Pensions,Work and Pensions,Day to day Spending,Other,845,b,,,,845
Transfers from the PatientCentered Outcomes Research Trust Fund,Benefits and Pensions,Work and Pensions,Investment,Delivery and operations,203,b,,,,203
Health n.e.c.,Benefits and Pensions,Work and Pensions,Investment,Other,175,b,,,,175
Supplemental Payments to UMWA Health Plans,Benefits and Pensions,HMRC,Day to day Spending,Administration,3506,b,,,,3506
Abandoned Mine Reclamation Fund,Benefits and Pensions,HMRC,Day to day Spending,National Insurance Fund,290,b,,,,290
Payment Where Health Coverage Tax Credit Exceeds Liability for Tax,Benefits and Pensions,HMRC,Day to day Spending,Utilised provisions,30,b,,,,30
Payment Where Small Business Health Insurance Tax Credit Exceeds Liability for Tax,Benefits and Pensions,HMRC,Investment,Administration,247,b,,,,247
Department of Defense MedicareEligible Retiree Health Care Fund,Benefits and Pensions,HMRC,Day to day Spending,Child Benefit,11579,b,,,,11579
Biodefense Countermeasures,Benefits and Pensions,HMRC,Day to day Spending,Personal tax credits,26721,b,,,,26721
"Government Payment for Annuitants, Employees Health Benefits",Benefits and Pensions,HMRC,Day to day Spending,Providing payments in lieu of tax relef,85,b,,,,85
Postal Service Retiree Health Benefits Fund,Benefits and Pensions,HMRC,Day to day Spending,Tax free childcare,383,b,,,,383
Employees and Retired Employees Health Benefits Funds,Benefits and Pensions,HMRC,Day to day Spending,Payments of rates to local authorities,93,b,,,,93
United Mine Workers of America 1992 Benefit Plan,Benefits and Pensions,HMRC,Day to day Spending,Other reliefs and allowances,3525,b,,,,3525
,Benefits and Pensions,HMRC,Day to day Spending,Other,2,b,,,,2
Transfers from Abandoned Mine Reclamation Fund,Devolved Administrations,Scotland,Day to day Spending,Block grant,16745,b,,,,16745
Federal Payment to United Mine Workers of America Combined Benefit Fund,Devolved Administrations,Scotland,Day to day Spending,Payover of SRIT,11829,b,,,,11829
United Mine Workers of America Combined Benefit Fund,Devolved Administrations,Scotland,Day to day Spending,Scotland Office,9,b,,,,9
United Mine Workers of America 1993 Benefit Plan,Devolved Administrations,Wales,Day to day Spending,Block grant,14318,b,,,,14318
"Maternal, Infant, and Early Childhood Home Visiting Programs",Devolved Administrations,Wales,Day to day Spending,Wales Office,5,b,,,,5
Health Resources and Services,Devolved Administrations,Northern Ireland,Day to day Spending,Block grant,15666,b,,,,15666
Health Resources and Services,Devolved Administrations,Northern Ireland,Day to day Spending,NIO,23,b,,,,23
=======
Innovation and Instructional Teams,Public Services,Health,Programme,Central Department and agencies,2779810,b,,,,2779810
Innovation and Instructional Teams,Public Services,Health,Programme,National Productivity Investment Fund,390645,b,,,,390645
English Learner Education,Public Services,Health,Programme,Health Education England,1852002,b,,,,1852002
Program Management,Public Services,Health,Programme,Local Authorities Health,3090570,b,,,,3090570
Grants to States for Medicaid,Public Services,Health,Programme,NHS Commissioning Board,24488719,b,,,,24488719
Children's Health Insurance Fund,Public Services,Health,Programme,Transport Development Fund,20534988,b,,,,20534988
State Grants and Demonstrations,Public Services,Health,Programme,NHS Providers,62886697,b,,,,62886697
Center for Medicare and Medicaid Innovation,Public Services,Health,Programme,Public Health England,766528,b,,,,766528
Child Enrollment Contingency Fund,Public Services,Health,Programme,Special Health Authorities,2454193,b,,,,2454193
Health Insurance Reform Implementation Fund,Public Services,Health,Investment,Central Department and agencies,2765528,b,,,,2765528
Office of the National Coordinator for Health Information Technology,Public Services,Health,Investment,Health Education England,31972,b,,,,31972
Public Health and Social Services Emergency Fund,Public Services,Health,Investment,Local Authorities Health,262036,b,,,,262036
General Departmental Management,Public Services,Health,Investment,NHS Commissioning Board,2900000,b,,,,2900000
Retirement Pay and Medical Benefits for Commissioned Officers,Public Services,Health,Investment,NHS Providers,90900,b,,,,90900
Miscellaneous Trust Funds,Public Services,Health,Investment,Public Health England,33545,b,,,,33545
Office of the Inspector General,Public Services,DCLG (Local government),Programme,Grants and payments,2882631,b,,,,2882631
Federal Intergovernmental  Public Welfare (B79),Public Services,DCLG (Local government),Programme,Non-domestic rates,25000,b,,,,25000
"Current Operations  Welfare, Payments to Medicare Trust Fund (NEW for 2007; previous (E73)",Public Services,DCLG (Local government),Programme,Revenue support grant,3820502,b,,,,3820502
"Current Operations  Public Welfare, Vendor Payments for Medical Care (E74)",Public Services,DCLG (Communities),Programme,DCLG Staff and building costs,172831,b,,,,172831
Operation of Indian Programs,Public Services,DCLG (Communities),Programme,Decentralisation and local Growth,218095,b,,,,218095
Operation of Indian Programs,Public Services,DCLG (Communities),Programme,Housing and Planning,2137850,b,,,,2137850
Education Improvement Programs,Public Services,DCLG (Communities),Programme,Local Government services,94842,b,,,,94842
Indian Student Education,Public Services,DCLG (Communities),Programme,"Research, data and trading funds",36927,b,,,,36927
Impact Aid,Public Services,DCLG (Communities),Programme,Troubled Families,239000,b,,,,239000
Supporting Student Success,Public Services,DCLG (Communities),Programme,Unallocated Provision,10792,b,,,,10792
Accelerating Achievement and Ensuring Equity,Public Services,DCLG (Communities),Investment,DCLG Staff and building costs,13198,b,,,,13198
Special Education,Public Services,DCLG (Communities),Investment,Decentralisation and local Growth,1423540,b,,,,1423540
"Career, Technical and Adult Education",Public Services,DCLG (Communities),Investment,Housing and Planning,4679405,b,,,,4679405
Federal Payment for School Improvement,Public Services,DCLG (Communities),Investment,Local Government services,372850,b,,,,372850
Current Operations  Elementary and Secondary Education (E12),Public Services,DCLG (Communities),Investment,"Research, data and trading funds",5970,b,,,,5970
Construction  Elementary and Secondary Education (F12),Public Services,DCLG (Communities),Investment,Unallocated Provision,17380,b,,,,17380
Other Capital Outlay  Elementary and Secondary Education (G12),Public Services,Education,Programme,DFE administrative and central spending,326513,b,,,,326513
Payment Where American Opportunity Credit Exceeds Liability for TAX,Public Services,Education,Programme,Education and Skills Funding Agency,3039412,b,,,,3039412
"Federal Family Education Loan Program, Negative Subsidies",Public Services,Education,Programme,Further education,197838,b,,,,197838
"Federal Perkins Loan, Negative Subsidies",Public Services,Education,Programme,Grants to academies,16976100,b,,,,16976100
National Technical Institute for the Deaf,Public Services,Education,Programme,Grants to local authority schools,31506224,b,,,,31506224
Gallaudet University,Public Services,Education,Programme,Higher education,6118705,b,,,,6118705
Higher Education,Public Services,Education,Programme,School infrastructure and education funding,248971,b,,,,248971
Special Benefits,Public Services,Education,Programme,"Social care, mobility and equalities",413073,b,,4,3,413073
Armed Forces Retirement Home,Public Services,Education,Programme,"Standards, curriculum and qualifications",5543008,b,,,,5543008
"Reemployed Annuitants Salary Offset, Civil Service Retirement and Disability Fund",Public Services,Education,Programme,Teaching and leadership,480353,b,,,,480353
Civil Service Retirement and Disability Fund,Public Services,Education,Investment,DFE administrative and central spending,73555,b,,,,73555
Civil Service Retirement and Disability Fund,Public Services,Education,Investment,Education and Skills Funding Agency,1030704,b,,,,1030704
Employees Life Insurance Fund,Public Services,Education,Investment,Further education,94419,b,,,,94419
Judicial Officers' Retirement Fund,Public Services,Education,Investment,Grants to academies,672819,b,,,,672819
"Reimbursement for Program Expenses, Federal Retirement Thrift Investment Board",Public Services,Education,Investment,Grants to local authority schools,3064172,b,,,,3064172
Program Expenses,Public Services,Education,Investment,Higher education,244881,b,,,,244881
"Administrative Expenses, Recovery Act",Public Services,Education,Investment,School infrastructure and education funding,1000,b,,,,1000
"FOASI, General Fund Payments for Payroll Tax Holiday (PL 111312)",Public Services,Education,Investment,"Social care, mobility and equalities",520,b,,,,520
,Public Services,DCMS,Programme,Museums Galleries and Libraries,540792,b,,,,540792
,Public Services,DCMS,Programme,Arts and Heritage,481136,b,,,,481136
,Public Services,DCMS,Programme,Other,322859,b,,,,322859
,Public Services,DCMS,Investment,Broadcasting and Media,245936,b,,,,245936
,Public Services,DCMS,Programme,Sports,132278,b,,,,132278
,Public Services,DCMS,Programme,Broadcasting and Media,96757,b,,,,96757
,Public Services,DCMS,Investment,Arts and Heritage,85664,b,,,,85664
,Public Services,DCMS,Investment,Museums Galleries and Libraries,80386,b,,,,80386
,Public Services,DCMS,Investment,Sports,37265,b,,,,37265
,Public Services,DCMS,Programme,Olympics,4492,b,,,,4492
,Public Services,DCMS,Investment,Other,186,b,,,,186
,Central Government,Cabinet Office,Programme,Central Facilitation,202963,b,,,,202963
,Central Government,Cabinet Office,Programme,DCLG Staff and building costs,150557,b,,,,150557
,Central Government,Cabinet Office,Investment,Efficiency and responsiveness,71999,b,,,,71999
,Central Government,Cabinet Office,Investment,Central Facilitation,25011,b,,,,25011
,Central Government,Cabinet Office,Programme,Elections,4750,b,,,,4750
,Central Government,Cabinet Office,Programme,European Parliament,2750,b,,,,2750
,Central Government,Cabinet Office,Programme,Cabinet Office,-123,b,,,,-123
,Central Government,Treasury,Programme,Banking services,6000,b,,,,6000
,Central Government,Treasury,Programme,Debt Management Office,20380,b,,,,20380
,Central Government,Treasury,Programme,Investments,5600,b,,,,5600
,Central Government,Treasury,Programme,Office for Budget Responsibility,114927,b,,,,114927
,Central Government,Treasury,Programme,Other,136809,b,,,,136809
,Central Government,Treasury,Programme,Treasury administration,114927,b,,,,114927
,Central Government,Treasury,Investment,Debt management office,5000,b,,,,5000
,Central Government,Treasury,Investment,Investments,101965,b,,,,101965
,Central Government,Treasury,Investment,Treasury,103963,b,,,,103963
,Intl relations & Defence,International Trade,Programme,Trade Policy,364259,b,,,,364259
,Intl relations & Defence,International Trade,Investment,Trade Policy,6660,b,,,,6660
,Intl relations & Defence,Exiting the EU,Programme,Exiting the European Union,101040,b,,,,101040
,Intl relations & Defence,Exiting the EU,Investment,Exiting the European Union,100,b,,,,100
,Intl relations & Defence,Defence,Programme,Equipment and Infrastructure,20831835,b,,,,20831835
,Intl relations & Defence,Defence,Programme,Service Personnel,9482545,b,,,,9482545
,Intl relations & Defence,Defence,Investment,Single Use Military Equipment,4051144,b,,,,4051144
,Intl relations & Defence,Defence,Investment,Other,2557548,b,,,,2557548
,Intl relations & Defence,Defence,Programme,Other,2166483,b,,,,2166483
,Intl relations & Defence,Defence,Investment,Research and development,1921000,b,,,,1921000
,Intl relations & Defence,Defence,Programme,Civilian Personnel,1778762,b,,,,1778762
,Intl relations & Defence,Defence,Programme,Administration Costs,1541000,b,,,,1541000
,Intl relations & Defence,Defence,Programme,Operations Costs,234600,b,,,,234600
,Intl relations & Defence,FCO,Programme,British Council,161500,b,,,,161500
,Intl relations & Defence,FCO,Programme,Conflict prevention,372232,b,,,,372232
,Intl relations & Defence,FCO,Programme,Other,161500,b,,,,161500
,Intl relations & Defence,FCO,Programme,Peacekeeping,363120,b,,,,363120
,Intl relations & Defence,FCO,Programme,Programme spending including grants to international organisations,363120,b,,,,363120
,Intl relations & Defence,FCO,Programme,Running the FCO (including embassies & consulates),799242,b,,,,799242
,Intl relations & Defence,FCO,Investment,International organisation grants,12000,b,,,,12000
,Intl relations & Defence,FCO,Investment,Running the FCO (including embassies & consulates),122442,b,,,,122442
,Intl relations & Defence,International Development,Programme,EU attributed aid,4323,b,,,,4323
,Intl relations & Defence,International Development,Programme,Independent Commission for Aid impact,15356000,b,,,,15356000
,Intl relations & Defence,International Development,Programme,Operating costs,3018502,b,,,,3018502
,Intl relations & Defence,International Development,Programme,Other central programmes,25252,b,,,,25252
,Intl relations & Defence,International Development,Programme,"Policy priorities, international organisations and humanitarian",2219006,b,,,,2219006
,Intl relations & Defence,International Development,Programme,Regional programmes,2219006,b,,,,2219006
,Intl relations & Defence,International Development,Programme,Scholarships to developing countries,25252,b,,,,25252
,Intl relations & Defence,International Development,Investment,Other central programmes,10600,b,,,,10600
,Intl relations & Defence,International Development,Investment,"Policy priorities, international organisations and humanitarian",2219006,b,,,,2219006
,Intl relations & Defence,International Development,Investment,Regional programmes,658695,b,,,,658695
,Criminal Justice,Justice,Programme,Prison and Probation,3890976,b,,,,3890976
,Criminal Justice,Justice,Programme,Courts and Tribunals,1692641,b,,,,1692641
,Criminal Justice,Justice,Programme,Legal Aid and Services,1628234,b,,,,1628234
,Criminal Justice,Justice,Programme,Other,421642,b,,,,421642
,Criminal Justice,Justice,Investment,"Policy, administration and corporate services",359640,b,,,,359640
,Criminal Justice,Justice,Programme,Youth Justice Board,223197,b,,,,223197
,Criminal Justice,Justice,Investment,Prison and Probation,199558,b,,,,199558
,Criminal Justice,Justice,Investment,Courts and Tribunals,161717,b,,,,161717
,Criminal Justice,Justice,Investment,Legal Aid and Services,12000,b,,,,12000
,Criminal Justice,Justice,Investment,Other,6635,b,,,,6635
,Criminal Justice,Justice,Investment,Youth Justice Board,2600,b,,,,2600
,Criminal Justice,Home Office,Programme,Crime Policing and Fire,8514672,b,,,,8514672
,Criminal Justice,Home Office,Programme,UK Border Agency/Border Force,963050,b,,,,963050
,Criminal Justice,Home Office,Programme,Office for security and counter terrorism,824518,b,,,,824518
"FOASI, Federal Payments to the FOASI Trust Fund",Criminal Justice,Home Office,Programme,Enablers,696002,b,,,,696002
Federal Oldage and Survivors Insurance Trust Fund,Criminal Justice,Home Office,Investment,Crime Policing and Fire,151606,b,,,,151606
"FDI, General Fund Payments for Payroll Tax Holiday (PL 111312)",Criminal Justice,Home Office,Investment,Office for security and counter terrorism,121995,b,,,,121995
"FDI, Federal Payments to the FDI Trust Fund",Criminal Justice,Home Office,Programme,Arms length bodies (net),94385,b,,,,94385
Federal Disability Insurance Trust Fund,Criminal Justice,Home Office,Investment,Other,91460,b,,,,91460
Limitation on Administrative Expenses,Criminal Justice,Home Office,Investment,UK Border Agency/Border Force,89750,b,,,,89750
"Postal Service Contributions for Current Workers, Postal Service Retiree Health Benefits Fund",Criminal Justice,Home Office,Investment,Enablers,50593,b,,,,50593
"NonDoD Employing Agency Contributions, DoD MedicareEligible Retiree Health Care Fund",Criminal Justice,Home Office,Investment,Arms length bodies (net),10515,b,,,,10515
"FHI Trust Fund, Federal Employer Contributions (FICA)",Infrastructure and Investment,BEIS,Investment,Science and research,5989927,b,,,,5989927
"Federal Contributions (concurrent Receipt Accruals), Military Retirement Fund",Infrastructure and Investment,BEIS,Investment,Industrial strategy and investment,2452565,b,,,,2452565
"Federal Contributions, FSMI Fund",Infrastructure and Investment,BEIS,Investment,Nuclear decommissioning,1998000,b,,,,1998000
"Premiums Collected for Medicare Prescription Drug Account, FSMI",Infrastructure and Investment,BEIS,Programme,BEIS Administration and central services,487701,b,,,,487701
"Payments from States, Medicare Prescription Drug Account, FSMI",Infrastructure and Investment,BEIS,Programme,Nuclear decommissioning,362000,b,,,,362000
"Basic Premium, Medicare Advantage, FSMI Trust Fund",Infrastructure and Investment,BEIS,Programme,Industrial strategy and investment,356821,b,,,,356821
"Medicare Refunds, SMI",Infrastructure and Investment,BEIS,Programme,Other energy legacy,304548,b,,,,304548
"Federal Contribution for Admin. Contribution for Admin. Costs, Prescription Drug Account, FSMI",Infrastructure and Investment,BEIS,Investment,BEIS Administration and central services,278685,b,,,,278685
"Federal Contributions for Benefits, Prescription Drug Account, SMI",Infrastructure and Investment,BEIS,Programme,Science and research,227299,b,,,,227299
"Premiums Collected for the Aged, FSMI Fund",Infrastructure and Investment,BEIS,Programme,Competition and markets,137715,b,,,,137715
Manufacturer Rebates,Infrastructure and Investment,BEIS,Investment,Tackling climate change,101645,b,,,,101645
"Premiums Collected for the Disabled, FSMI Fund",Infrastructure and Investment,BEIS,Investment,Energy affordability,56759,b,,,,56759
"FHI Trust Fund, Taxation on OASDI Benefits",Infrastructure and Investment,BEIS,Programme,Energy affordability,54824,b,,,,54824
"FHI Trust Fund, Basic Premium, Medicare Advantage",Infrastructure and Investment,BEIS,Programme,Tackling climate change,35135,b,,,,35135
Federal Hospital Insurance Trust Fund,Infrastructure and Investment,BEIS,Investment,Other energy legacy,17260,b,,,,17260
Federal Hospital Insurance Trust Fund,Infrastructure and Investment,BEIS,Programme,Security of energy supply,16673,b,,,,16673
"Medicare Prescription Drug Account, Federal Supplementary Insurance Trust Fund",Infrastructure and Investment,BEIS,Investment,Competition and markets,1310,b,,,,1310
"Medicare Prescription Drug Account, Federal Supplementary Insurance Trust Fund",Infrastructure and Investment,DEFRA,Programme,Other,642158,b,,,,642158
Health Care Fraud and Abuse Control Account,Infrastructure and Investment,DEFRA,Programme,Environment and biodiversity,481912,b,,,,481912
Federal Intergovernmental  Health and Hospitals (B42),Infrastructure and Investment,DEFRA,Investment,Environmental emergencies,443183,b,,,,443183
Current Operations  Health  Other (E32),Infrastructure and Investment,DEFRA,Programme,Environmental emergencies,339226,b,,,,339226
Current Operations  Hospitals (E36),Infrastructure and Investment,DEFRA,Programme,Animal and plant diseases,207194,b,,,,207194
Current Operations  Hospitals  Other (Disc. 2005) (E38),Infrastructure and Investment,DEFRA,Programme,Support and develop farming,202415,b,,,,202415
Construction  Health  Other (F32),Infrastructure and Investment,DEFRA,Investment,Other,133811,b,,,,133811
Construction  Hospitals (F36),Infrastructure and Investment,DEFRA,Investment,Environment and biodiversity,86425,b,,,,86425
Construction  Hospitals  Other (Disc. 2005) (F38),Infrastructure and Investment,DEFRA,Investment,Animal and plant diseases,14329,b,,,,14329
Other Capital Outlay  Health  Other (G32),Infrastructure and Investment,DEFRA,Programme,Support and develop farming,10000,b,,,,10000
Other Capital Outlay  Hospitals (G36),Infrastructure and Investment,DEFRA,Investment,Support and develop farming,7352,b,,,,7352
Other Capital Outlay  Hospitals  Other (Disc. 2005) (G38),Infrastructure and Investment,Trasport,Investment,Research and support,5036007,b,,,,5036007
Salaries and Expenses,Infrastructure and Investment,Trasport,Programme,Roads,2903241,b,,,,2903241
Salaries and Expenses,Infrastructure and Investment,Trasport,Investment,Funding ALBs,678765,b,,,,678765
Salaries and Expenses,Infrastructure and Investment,Trasport,Programme,Funding ALBs,528645,b,,,,528645
Salaries and Expenses,Infrastructure and Investment,Trasport,Investment,National Productivity Investment Fund,375000,b,,,,375000
Salaries and Expenses,Infrastructure and Investment,Trasport,Programme,London,256615,b,,,,256615
Salaries and Expenses,Infrastructure and Investment,Trasport,Programme,Buses,253891,b,,,,253891
Salaries and Expenses,Infrastructure and Investment,Trasport,Programme,Research and support,220275,b,,,,220275
Intergovernmental Revenue from Federal  Environmental Health (NEW for 2007) (B43),Infrastructure and Investment,Trasport,Investment,London,165076,b,,,,165076
Current Operations  Environmental Health (NEW for 2007) (E27),Infrastructure and Investment,Trasport,Investment,Roads,105324,b,,,,105324
Construction  Environmental Health (NEW for 2007) (F27),Infrastructure and Investment,Trasport,Programme,Sustainable Travel,88802,b,,,,88802
Other Capital Outlay  Environmental Health (NEW for 2007) (G27),Infrastructure and Investment,Trasport,Programme,"Aviation, maritime and security",72476,b,,,,72476
Payment to the PatientCentered Outcomes Research Trust Fund,Infrastructure and Investment,Trasport,Programme,Transport Development Fund,47000,b,,,,47000
"Payment from the General Fund, PatientCentered Outcomes Research Trust Fund",Infrastructure and Investment,Trasport,Programme,Unallocated Provision,41467,b,,,,41467
PatientCentered Outcomes Research Trust Fund,Infrastructure and Investment,Trasport,Investment,Railways,30299,b,,,,30299
Health Resources and Services,Infrastructure and Investment,Trasport,Investment,Buses,11629,b,,,,11629
Health Resources and Services,Infrastructure and Investment,Trasport,Investment,Unallocated Provision,8000,b,,,,8000
CDCWide Activities and Program Support,Benefits and Pensions,Work and Pensions,Programme,Pensions and pension credit,100094366,b,,,,100094366
CDCWide Activities and Program Support,Benefits and Pensions,Work and Pensions,Programme,Benefits for people with disabilities and illness,41576432,b,,,,41576432
CDCWide Activities and Program Support,Benefits and Pensions,Work and Pensions,Programme,Working age and other benefits,35230179,b,,,,35230179
National Institutes of Health,Benefits and Pensions,Work and Pensions,Programme,DWP Administration and operational delivery,4645358,b,,,,4645358
National Institutes of Health,Benefits and Pensions,Work and Pensions,Programme,Other,844984,b,,,,844984
Healthcare Research and Quality,Benefits and Pensions,Work and Pensions,Programme,Employment programmes,636324,b,,,,636324
Transfers from the PatientCentered Outcomes Research Trust Fund,Benefits and Pensions,Work and Pensions,Programme,Support for local authorities,283419,b,,,,283419
Transfers from the PatientCentered Outcomes Research Trust Fund,Benefits and Pensions,Work and Pensions,Investment,DWP Administration and operational delivery,202589,b,,,,202589
Health n.e.c.,Benefits and Pensions,Work and Pensions,Investment,Other,175111,b,,,,175111
Supplemental Payments to UMWA Health Plans,Benefits and Pensions,HMRC,Programme,Child Benefit,11579010,b,,,,11579010
Abandoned Mine Reclamation Fund,Benefits and Pensions,HMRC,Programme,Other reliefs/  allowances/ utilised provisions,11549000,b,,,,11549000
Payment Where Health Coverage Tax Credit Exceeds Liability for Tax,Benefits and Pensions,HMRC,Programme,Administration,3980488,b,,,,3980488
Payment Where Small Business Health Insurance Tax Credit Exceeds Liability for Tax,Benefits and Pensions,HMRC,Programme,Tax free childcare,383485,b,,,,383485
Department of Defense MedicareEligible Retiree Health Care Fund,Benefits and Pensions,HMRC,Programme,National Insurance Fund,290000,b,,,,290000
Biodefense Countermeasures,Benefits and Pensions,HMRC,Investment,Administration,246790,b,,,,246790
"Government Payment for Annuitants, Employees Health Benefits",Benefits and Pensions,HMRC,Programme,Valuation Office- payments of rates to local authorities,93000,b,,,,93000
Postal Service Retiree Health Benefits Fund,Benefits and Pensions,HMRC,Programme,Personal tax credits,85075,b,,,,85075
Employees and Retired Employees Health Benefits Funds,Benefits and Pensions,HMRC,Programme,Providing payments in lieu of tax relef,85075,b,,,,85075
United Mine Workers of America 1992 Benefit Plan,Benefits and Pensions,HMRC,Programme,Utilised provisions,30000,b,,,,30000
Transfers from Abandoned Mine Reclamation Fund,Devolved Administrations,Scotland,Programme,Cash grant,16744501,b,,,,16744501
Federal Payment to United Mine Workers of America Combined Benefit Fund,Devolved Administrations,Scotland,Programme,Payover of SRIT,11829000,b,,,,11829000
United Mine Workers of America Combined Benefit Fund,Devolved Administrations,Scotland,Programme,Scotland Office,9350,b,,,,9350
United Mine Workers of America 1993 Benefit Plan,Devolved Administrations,Wales,Programme,Cash grant,14317949,b,,,,14317949
"Maternal, Infant, and Early Childhood Home Visiting Programs",Devolved Administrations,Wales,Programme,Wales Office,4590,b,,,,4590
Health Resources and Services,Devolved Administrations,Northern Ireland,Programme,Cash grant,15665600,b,,,,15665600
Health Resources and Services,Devolved Administrations,Northern Ireland,Programme,NIO,22810,b,,,,22810
,,Level2,Level3,Level4,,,,,,
